title,story
A Day at the Park,"Last Sunday, my family and I decided to spend the day at the local park. The weather was perfect with clear skies and a gentle breeze. As soon as we arrived, we unpacked our picnic basket and spread out a blanket near the playground.

The kids were excited and wasted no time running towards the swings and slides. Laughter filled the air as they played and made new friends. Meanwhile, parents chatted and enjoyed the sunshine.

We took a leisurely stroll around the park, admiring the colorful flowers and tall trees. The sound of birds chirping added to the peaceful atmosphere. In the middle of the park, there was a serene pond with ducks swimming lazily.

For lunch, we indulged in sandwiches, fruit, and refreshing lemonade. The children, still full of energy, played a game of frisbee while we relaxed on the grass.

As the day went by, we joined a friendly game of volleyball with other park-goers. It was a great way to make connections and have fun together. The sun began to set, casting a warm glow over the park.

Reluctantly, we gathered our belongings and headed home, tired but happy. Our day at the park was filled with laughter, nature, and quality time with loved ones—a perfect way to spend a Sunday."
An Unforgettable Journey,"Last summer, my family embarked on a road trip that turned out to be an unforgettable adventure. We packed our bags, loaded up the car, and set off early in the morning. Our destination was a picturesque mountain town nestled between rolling hills and lush greenery.

The journey itself was as exciting as the destination. Along the way, we stopped at charming roadside cafes, explored quaint villages, and marveled at breathtaking landscapes. The open road stretched before us, promising new discoveries at every turn.

One highlight of our trip was a visit to a historic landmark—the ruins of an ancient castle perched atop a hill. The views from the castle were breathtaking, offering a panoramic vista of the surrounding countryside. We spent hours exploring the castle grounds, imagining the lives of those who once lived within its walls.

As we continued our journey, we encountered unexpected delights, such as a vibrant farmer's market and a hidden waterfall. Each day brought new surprises and joyous moments that strengthened our family bonds.

In the evenings, we gathered around a campfire, sharing stories and roasting marshmallows. The night sky, adorned with twinkling stars, created a magical backdrop for our family moments.

Our road trip also included encounters with friendly locals who shared tales of the town's history and recommended hidden gems. We sampled local cuisine, from savory dishes to delightful desserts, savoring the flavors of the region.

The journey concluded with a visit to a serene lakeside retreat. We spent our final days canoeing on the crystal-clear lake, surrounded by the tranquility of nature. It was a perfect way to unwind and reflect on the incredible experiences we had shared.

As we headed back home, the memories of our road trip lingered in our hearts. It was more than just a vacation; it was a journey of discovery, laughter, and connection. The open road had led us to moments that we would cherish forever, making this summer road trip an indelible chapter in our family's story."
